INSERT INTO BANK_ACCOUNT VALUES('4463111377', '4892573628');
INSERT INTO ELEC_ADDRESS VALUES('135936515','1');
INSERT INTO USER_ACCOUNT VALUES('546337752', 'Jason Brown', '135936515', 2747.42, '4463111377', '4892573628', '1');
INSERT INTO BANK_ACCOUNT VALUES('6078274839', '6387799209');
INSERT INTO ELEC_ADDRESS VALUES('829339766','1');
INSERT INTO USER_ACCOUNT VALUES('610886428', 'Jacob Stein', '829339766', 431.44, '6078274839', '6387799209', '1');
INSERT INTO BANK_ACCOUNT VALUES('4531116371', '8455601031');
INSERT INTO ELEC_ADDRESS VALUES('233454670','1');
INSERT INTO USER_ACCOUNT VALUES('196699163', 'Cody Brown', '233454670', 3453.09, '4531116371', '8455601031', '1');
INSERT INTO BANK_ACCOUNT VALUES('4090941126', '8088036982');
INSERT INTO ELEC_ADDRESS VALUES('510382152','1');
INSERT INTO USER_ACCOUNT VALUES('699446883', 'Larry Morales', '510382152', 851.5, '4090941126', '8088036982', '1');
INSERT INTO BANK_ACCOUNT VALUES('3407562823', '2827223729');
INSERT INTO ELEC_ADDRESS VALUES('755685076','1');
INSERT INTO USER_ACCOUNT VALUES('920759210', 'Jessica Hendricks', '755685076', 3089.85, '3407562823', '2827223729', '1');
INSERT INTO BANK_ACCOUNT VALUES('4195004658', '2442153869');
INSERT INTO ELEC_ADDRESS VALUES('323276394','1');
INSERT INTO USER_ACCOUNT VALUES('191199043', 'Brian Moore', '323276394', 8073.32, '4195004658', '2442153869', '1');
INSERT INTO BANK_ACCOUNT VALUES('1527933752', '6873210018');
INSERT INTO ELEC_ADDRESS VALUES('747066155','1');
INSERT INTO USER_ACCOUNT VALUES('623111815', 'Scott Baker', '747066155', 189.41, '1527933752', '6873210018', '1');
INSERT INTO BANK_ACCOUNT VALUES('5674061254', '9080753609');
INSERT INTO ELEC_ADDRESS VALUES('973377933','1');
INSERT INTO USER_ACCOUNT VALUES('595070908', 'Ruth Hoffman', '973377933', 8180.35, '5674061254', '9080753609', '1');
INSERT INTO BANK_ACCOUNT VALUES('1870133553', '9829184489');
INSERT INTO ELEC_ADDRESS VALUES('493347148','1');
INSERT INTO USER_ACCOUNT VALUES('764702584', 'Daniel George', '493347148', 8298.97, '1870133553', '9829184489', '1');
INSERT INTO BANK_ACCOUNT VALUES('1879525389', '3647741353');
INSERT INTO ELEC_ADDRESS VALUES('997786176','1');
INSERT INTO USER_ACCOUNT VALUES('215839303', 'David Moody', '997786176', 2114.71, '1879525389', '3647741353', '1');
